league,match_count,match_result_accuracy,over_under_accuracy,btts_accuracy
E0,784,0.860969387755102,0.7461734693877551,0.6505102040816326
F1,661,0.8290468986384266,0.7140695915279879,0.6338880484114977
I1,788,0.8439086294416244,0.7284263959390863,0.633248730964467
SP1,791,0.8520859671302149,0.7623261694058154,0.6586599241466498
D1,612,0.8643790849673203,0.7565359477124183,0.6633986928104575
